,6.0%,7.0%,8.0%,9.0%,10.0%,11.0%,12.0%,13.0%,14.0%,15.0%,EW,60/40
2009-02-28,-0.0003834646799825909,-0.0014036653865966834,-0.001153862541700884,-0.0007629904516880009,0.0008393650686927014,0.0023382661755052174,0.003771941326372867,0.0051606926400334565,0.006517046955708182,0.007849211512886803,-0.05956672809048468,-0.06684660182781857
2009-03-31,0.0008297652250434651,0.0017428210443321689,0.0019856718060240032,0.0017232194011086825,0.0004923797433259722,-0.0007189210294096431,-0.00192731551301258,-0.004624935437551862,-0.008250377621895063,-0.011804969887478457,0.05061002837217674,0.06578205415953127
2009-04-30,-0.0033909954710230348,-0.005539279530996484,-0.006740296453432398,-0.009247208257403964,-0.012068091700490917,-0.014853519134272571,-0.017611387062758766,-0.02035512179188435,-0.02307943404366517,-0.025792605217008185,0.06708964205922678,0.04642692379724229
2009-05-31,0.028537198954850726,0.03136338867576842,0.03492339202681413,0.03968571030354797,0.04573228917461957,0.05170097341730302,0.058185447455207706,0.06617953388897731,0.07395939407302013,0.08158166253312603,0.04555997971332393,0.025239796076800578
2009-06-30,-0.015279384145996115,-0.017382801542967057,-0.01789014692318103,-0.022210077243497106,-0.02653498794742884,-0.030396697383308597,-0.03341989705764331,-0.036351392807562874,-0.039216727531756916,-0.04203345392965215,0.0035158224332371402,-0.0010325956333631318
2009-07-31,0.02124127569446834,0.025431936045049917,0.027010921599412464,0.027840171385794126,0.028722862193002182,0.029594261651570468,0.030900077619969664,0.03252866647304887,0.034120729215786995,0.03568587702095183,0.0529017542201163,0.04869163898201543
2009-08-31,0.0034866351064009125,0.004104054502956486,0.003081732534362212,0.00273835550190606,0.0024617178506795355,0.0021888268270629178,0.0019181385669729144,0.0016493102830839102,0.0012421899746570264,0.0007349569499081233,0.015747279634984183,0.024712233785431213
2009-09-30,0.026797007170687902,0.031302141459204666,0.03422702866855913,0.037755411198015246,0.04137342599002136,0.04494206817292236,0.04847470199268542,0.051981237480658665,0.055468246406600356,0.05893400483169062,0.038411813204147,0.026870508089483856
2009-10-31,0.007886917556903473,0.009181742927994932,0.01270356302284979,0.01452259137365953,0.016215288349295035,0.017885722639271524,0.0195401954750553,0.021182030465501624,0.022814968662972085,0.024440104804275962,-0.013924308338434672,-0.011719297864645649
2009-11-30,0.038154726446486736,0.04462593396267134,0.050304463161514254,0.056372861536589186,0.06244530752955322,0.06843558138666475,0.07436528496129304,0.08025041787870839,0.08609903270227948,0.09192200192975557,0.037050043807082524,0.04405157930477448
2009-12-31,-0.017768150609621777,-0.021045030348606386,-0.02429996540652638,-0.026780540687987704,-0.029170553809599577,-0.031527801363147714,-0.033861622460415595,-0.03617943887252377,-0.038483559462158375,-0.04077335853891616,0.010397414756525346,-0.006034413019938657
2010-01-31,-0.003239954403623256,-0.003563960849011096,-0.004141932942470357,-0.00473410065513525,-0.005652695144460032,-0.006560027759941481,-0.007458059903540646,-0.008437781385608224,-0.01095994875373904,-0.01343841138138112,-0.019827514098367676,-0.01211816900601428
2010-02-28,0.012545532493880593,0.01514161878336746,0.017405180121385436,0.01834415724122408,0.01922779541013054,0.020099256361037602,0.020962249746022923,0.02181865734447252,0.022671116548528387,0.023518732113967187,0.018722806314837675,0.0198797421680478
2010-03-31,0.005333058005128933,0.006580537444276684,0.007974195966944037,0.008331499211446752,0.008419624246336925,0.008506593852122988,0.008592172242748018,0.00867746471374458,0.008762353372084211,0.008794313923564289,0.035693210140798855,0.031982214896290405
2010-04-30,0.016774131813613685,0.019029945983851902,0.019859546528434413,0.02273905149937948,0.026246393254837717,0.029706931826733306,0.03313389602453988,0.03653530351000641,0.03991696825134348,0.04328349857578982,0.017049747532773673,0.016070602131192713
2010-05-31,0.006617810646284903,0.008352174864870198,0.008610075459678278,0.008372692844619053,0.008085862900763333,0.007803448706632968,0.007523825271886585,0.007245932818326833,0.006970000956603093,0.0066947402978686345,-0.03793143634087248,-0.0361868779331665
2010-06-30,0.004149047374416927,0.004294754449220836,0.004494433290732905,0.0060629769804202635,0.00774645659073061,0.009409388948244867,0.011056018501627159,0.012691714641641656,0.01431498997993597,0.015932719984304598,-0.014951567861442876,-0.019232499870626515
2010-07-31,-0.005955195291043761,-0.006417016123790486,-0.008302245742185103,-0.011069208146214747,-0.013908607657479833,-0.016753109027131372,-0.01957041959524723,-0.022366337140323204,-0.025146320506583036,-0.02791353928269779,0.041771548618514044,0.04566163662975216
2010-08-31,0.02670518323797468,0.03213966995977056,0.03522373041743845,0.03678390001893377,0.038320571941258624,0.03984058516677993,0.041348649775487606,0.04289765911358603,0.04435321848382134,0.0457803514303545,-0.010180307480980411,-0.013672614705522834
2010-09-30,0.014717666976452146,0.016613346256879366,0.02057408635850056,0.024765438037368963,0.02889378843565015,0.03260913046578299,0.03579250291482001,0.0388382612456071,0.041810563662421404,0.0447248561534414,0.05543133040592021,0.05409152993707975
2010-10-31,0.008852469636064203,0.010312240196269432,0.012928789938469876,0.015448792801122659,0.017926871629154826,0.020369221442501875,0.022760843559871076,0.025062854901839824,0.027306873109907634,0.029506697909720117,0.024082103541306906,0.02262510324692655
2010-11-30,-0.00555556997817622,-0.006485723982728625,-0.0035932513003446034,-0.001048811446719063,0.001231178897450252,0.00342938171717897,0.0053198905539569895,0.007147037310408814,0.00892792127693987,0.010675339287374143,-0.006346829576712483,-0.004257058793236501
2010-12-31,-0.004494306224995034,-0.00489788298436429,-0.0031889028984832413,-0.0015034755492689524,0.0016254867980445926,0.005560143197938204,0.00958255177153502,0.013474444168609788,0.017273642869017655,0.021001844334100486,0.03140126982326212,0.027826651797299994
2011-01-31,-0.017377569657714007,-0.020292553528817144,-0.022798096816619713,-0.025726723438399424,-0.028566570826359956,-0.03274545728985417,-0.03683217714133509,-0.04078413914141221,-0.0446399109697655,-0.04842312401276266,-0.0008011394635713443,0.01325493072394881
2011-02-28,0.015395804853116254,0.01755065482006457,0.019891316223855905,0.022000922043191512,0.024071960998534276,0.02653834088156489,0.03043330362409819,0.034194550721108524,0.037859479504891914,0.04145227858867264,0.023017509635676184,0.019970949971306284
2011-03-31,0.005920913932018769,0.006925410000795317,0.007639016335379235,0.009686930759867391,0.011387379587779942,0.012710862637438135,0.013970492278031554,0.015186084856403001,0.0163691360661618,0.01753072562198617,0.008174164178294746,-0.0006112098110842012
2011-04-30,0.03153001356938009,0.036750718720441555,0.04160085776309583,0.0457063108095546,0.04940372216768236,0.05351433496436496,0.05795102119035098,0.06237162722154392,0.06668085906754344,0.0709050084246718,0.029348002840177526,0.024981962307409723
2011-05-31,0.005115094912130281,0.00657220458730991,0.006089254120832978,0.004528868986446675,0.0016044087777193669,-0.0013823369709102886,-0.004229166904289867,-0.006980787997034541,-0.009664450617064335,-0.012297869125096313,-0.0038232467955976856,0.003005134736649941
2011-06-30,-0.008437653525559214,-0.009526907219675921,-0.010671917669588077,-0.012268535875228036,-0.013311568711102282,-0.014584305267356618,-0.015796626953848043,-0.016968306256828828,-0.01811054027477641,-0.019230847937201194,-0.009474324570722458,-0.012078964279354752
2011-07-31,0.027403898785984867,0.03380231045472564,0.03941758320616567,0.04410626784130581,0.047692278674411864,0.05102673608340178,0.054205464144529696,0.05728020896486345,0.06027705571929618,0.06321712103136296,0.0019665958737925043,0.0003486118294994574
2011-08-31,0.0416038728917203,0.045899559488678854,0.05041511654497693,0.055201000933808336,0.06031000994485935,0.0650483569404143,0.06957218358264687,0.07394062228875263,0.07820086269397836,0.08237899359991094,-0.022001569894611647,-0.014493353570423383
2011-09-30,-0.02275336617067227,-0.027452508574222562,-0.03365638252825468,-0.04188815603306687,-0.050258318391318536,-0.05904866950135573,-0.06801613899053867,-0.07667280124395208,-0.08510930399596198,-0.09338171431488551,-0.05362701260866383,-0.03178722640175606
2011-10-31,0.01732906397046537,0.019700340870763652,0.023418218231358697,0.027471087675884905,0.030760204007714093,0.03309851503639044,0.03595871272069643,0.03998450436829586,0.04390432865710101,0.047742920987292166,0.06744598264137576,0.059299498555983016
2011-11-30,0.006247058387508995,0.007207738577731753,0.0072934850262314065,0.007668536267667088,0.008022888132877591,0.009579449036954393,0.010387357874680874,0.011117092901150134,0.011822069677549821,0.012508967173666142,-0.009742377512417468,0.0005311385116583578
2011-12-31,-0.011444230662994551,-0.011806402778619409,-0.018143804398065923,-0.02514614656003083,-0.03182204544081884,-0.03945155296908977,-0.04683919665243815,-0.054641915193175385,-0.06230974969186588,-0.0696755976756099,0.00517429164713965,0.01468164558213192
2012-01-31,0.03735864721207424,0.04238217605786712,0.04566105094001606,0.050208635577630806,0.05483607928299414,0.060565158190973946,0.06606764237175214,0.07273852688427467,0.07854974312302572,0.08487369283503754,0.04164112424935726,0.030288836341478387
2012-02-29,-0.006656768709208691,-0.009986950005595416,-0.01192987221018535,-0.01412026596177571,-0.016190161001483263,-0.018131075248747734,-0.019345885539595934,-0.020456199202812407,-0.02152942244782936,-0.022575335335167066,0.022551607724472282,0.021293689328868527
2012-03-31,-0.009604676695166096,-0.011194278049741723,-0.011927078635191775,-0.012544490647720898,-0.013031970959108945,-0.013495352021282794,-0.013765700726377119,-0.013579505027994475,-0.013399487339001759,-0.013223968508128889,0.005159779570952403,0.013415046102018156
2012-04-30,0.0093018854919318,0.01157606687014492,0.012446986215342144,0.012547573396854018,0.011447017609714944,0.01040968364304691,0.009412996177510978,0.008442116084218573,0.007087076618231253,0.005638776019680765,0.00104293928173688,0.006214026598069201
2012-05-31,-0.0029228615189730296,-0.004638338710462313,-0.006313597852718698,-0.009420668840731755,-0.013686998439803658,-0.0179426484594252,-0.02202614130673658,-0.025991194169736706,-0.029873402064031076,-0.03449807256105708,-0.037142062664628696,-0.024541755905550695
2012-06-30,0.0035621450325331646,0.0055148225698097,0.00682392062146534,0.007967128497631459,0.008708236629323973,0.009394039113783906,0.01007528029142897,0.011597335787190773,0.013143036505158334,0.014648253938369845,0.027274761679550386,0.02320372333128611
2012-07-31,0.0145385896807538,0.014200405276202612,0.01358309094195738,0.012958215247755655,0.012727547080641898,0.012486568113256625,0.012261892634860341,0.012047676700769786,0.011840756391888916,0.01163915891160491,0.011402253240816057,0.012827524085489463
2012-08-31,0.010376993365192133,0.01179530252363036,0.01385898442064082,0.015595484579753936,0.018384706258987377,0.020988079952578516,0.02391723584760753,0.026761685091909168,0.029510576685357854,0.03218965673077408,0.015642913071860932,0.014574331546463436
2012-09-30,0.011921394590197877,0.011848804591996732,0.012513316725397463,0.01447014663223838,0.017614064973204013,0.020547844661108094,0.023350183568131636,0.026061752318606274,0.028736377938806377,0.03151651297462873,0.020549074999153726,0.013921857508883395
2012-10-31,-0.004949501619386221,-0.007202963923598032,-0.009004049198337423,-0.01069994597976267,-0.012470684225390551,-0.014254650851039968,-0.01595928976236427,-0.017609189301724802,-0.01903487044395113,-0.02041286989397786,-0.007324611794095212,-0.013325402162091127
2012-11-30,0.009271396440949152,0.007689058906882215,0.006290783854631524,0.004617449649654361,0.003354392821816334,0.002329809951124572,0.0018477859182875196,0.0013839258349555269,0.0005878025257151928,-0.00021033149764415794,0.009387190266460262,0.007353139934594877
2012-12-31,-0.010698288461565893,-0.012646485086941855,-0.01177921037798921,-0.012323500133181847,-0.013742491837916546,-0.01478488944451811,-0.015771073419240337,-0.016720519883355458,-0.017643649326541357,-0.018546662081663196,0.009537421253345897,0.002328519021709496
2013-01-31,-0.003460276583824786,-0.004376609520919226,-0.005603425573201949,-0.006759166128605372,-0.007866060811433434,-0.008036670879872216,-0.008090009875117942,-0.008097448144667922,-0.007793287761377429,-0.007495214143218195,0.01793729287390788,0.02584466044066227
2013-02-28,-0.002922406174627815,-0.004292877492835986,-0.0060236850681865866,-0.009418918372948455,-0.013309808203754396,-0.016750512968953867,-0.02023247332072393,-0.023720540557521527,-0.02711475312954843,-0.030438713583206444,0.0026824440888511447,0.012495746741064996
2013-03-31,0.006671713394912432,0.006952637657532318,0.009257657054685866,0.01007296474354818,0.010314169210778618,0.010541527135050185,0.010583905422406666,0.010347764292032671,0.010011508431765539,0.00967836366419403,0.016268454844040027,0.02279871759408261
2013-04-30,-9.640605548108376e-05,-0.006890026194786474,-0.010353857903884548,-0.013262280581449954,-0.01608034570855696,-0.018837766622814563,-0.021551482852369182,-0.024271179782297012,-0.027571947706487094,-0.03415377744798632,0.011303235492144723,0.018660899551065
2013-05-31,-0.018316163369935724,-0.020535427005695404,-0.02237834725825394,-0.023523516303841596,-0.02429931817135375,-0.025033135248903132,-0.025735468366768315,-0.026419851330061472,-0.0258705923234996,-0.0249314331385442,-0.01033586092934148,0.0015242115817392307
2013-06-30,-0.03579042299254257,-0.03921489263955203,-0.04340028852816973,-0.04862721276223083,-0.05336685447981306,-0.05790234186780796,-0.06230076768332457,-0.0666011277600087,-0.07083009450889469,-0.07471151519615796,-0.027589615894260035,-0.019195673479691134
2013-07-31,0.021450965553930154,0.024236031426550883,0.029325083218128656,0.03515967141540917,0.04046660558490328,0.0454701389383471,0.050278872658588575,0.05495036897787423,0.05982027500733691,0.06475093026290821,0.03195754957694438,0.030414478286242864
2013-08-31,-0.009796781512330537,-0.01235421893404444,-0.014715110685582384,-0.01525809265170346,-0.015135556872118391,-0.01494043525023312,-0.01478952730077263,-0.014642449604943472,-0.014498246973085539,-0.014356653772526274,-0.015608250588191762,-0.02417629762255611
2013-09-30,0.020239458639204636,0.02468429566558874,0.027742074832184452,0.028551449136131408,0.028908145218162363,0.029244514421846217,0.029567702717616173,0.029883486772158338,0.03018896548487816,0.03049047951408875,0.02827664186381136,0.02773720699831257
2013-10-31,0.00950240876310063,0.009235826067476065,0.009141309116295484,0.00905034130805616,0.00896696768524841,0.008889427181184396,0.008810252657567283,0.008230093340795178,0.007385806515168456,0.006589521746767174,0.023568779961037786,0.029918998488411043
2013-11-30,0.0032293305548646008,0.0036990406240775247,0.00416544941777877,0.005041699320347155,0.008275910816561219,0.011431630500739193,0.014207844104611185,0.01676902844167706,0.019192005440939346,0.021522038032050838,0.006119735904403332,0.014476208267858625
2013-12-31,-0.0006729610847743166,0.0003840545350162041,0.0015081615106167798,0.0032618501729476264,0.005020895116930024,0.005378681586263032,0.0044403410082086755,0.0036084780411272683,0.005480397044258128,0.00714114035474178,0.005381693441456168,0.007471883803622957
2014-01-31,0.008650108508040055,0.006049399607431899,0.0035475551754764025,0.0011720245366433199,-0.0011345315904401241,-0.0032619717786206044,-0.005233383417597878,-0.007046122857629071,-0.008791173096742783,-0.010486812075509295,-0.009912385272560786,-0.008923529280638751
2014-02-28,0.02192826437836309,0.026799941073932725,0.03118266634492727,0.03433403755172486,0.03701845993135859,0.03963493954927136,0.04220379946770444,0.04287144322683239,0.04724353570379362,0.048046943279922164,0.03231014340636837,0.02882034683054173
2014-03-31,-0.009446922545958423,-0.013559528676138341,-0.016702475769637716,-0.018245032671329056,-0.01976970568819586,-0.021248465123282705,-0.022695219474412442,-0.02441577378401919,-0.02552842182516693,-0.026921877247799274,-0.0019667306982751385,0.003045932993145106
2014-04-30,-0.007794915413275573,-0.00618234546596258,-0.007542759483721923,-0.009476258470098125,-0.011235427993788658,-0.013077016459753867,-0.01658234450130712,-0.024028189707600466,-0.02534277351956307,-0.030505420867758724,0.001167885530118797,0.007375158468263488
2014-05-31,0.013459407043850529,0.018225795190108432,0.02220595008574901,0.02438553545288129,0.025480568099202787,0.026592445778552055,0.02629270483696488,0.02104148521437818,0.024372361945567234,0.021726078575538404,0.015402395559002507,0.02106629065457164
2014-06-30,0.010369311451841761,0.01202983313976972,0.016275521732020234,0.017798985787832792,0.018621372605487227,0.01914045353744896,0.029755474189320088,0.037843723024154736,0.03870618177446595,0.044117093109639974,0.018103227295117968,0.011673010931437843
2014-07-31,-0.007414227979331436,-0.006966811149068704,-0.01146777879749249,-0.012367180758719296,-0.012363008452218507,-0.00924467069062606,-0.020184201833337363,-0.03117982793335455,-0.032997343485701505,-0.03984673368699712,-0.014553595778545377,-0.009138935826546967
2014-08-31,0.026833035496058564,0.030110474587218865,0.033412420561018216,0.03613445480248667,0.03833817049737417,0.040354589008845886,0.04168269857302705,0.043176774470862225,0.046683332387626904,0.048849365806689526,0.024358557708851702,0.03135087598003041
2014-09-30,-0.014271153897842732,-0.01363029330126544,-0.012637301520364769,-0.011497833073558955,-0.010254747539206688,-0.00892804287202099,-0.01999037443235047,-0.028988294964654576,-0.02835812514819683,-0.03345823790146397,-0.02526367663764158,-0.0124555372289894
2014-10-31,0.017582454190905004,0.01734447772779786,0.018433195434692615,0.019285262025750625,0.01997125116915202,0.020522898822600458,0.029770092247243876,0.03758350981367152,0.038586761001961525,0.043453210729106566,0.01605712472807373,0.02055808273709503
2014-11-30,0.01442799150327152,0.017645350154948655,0.020401283362519243,0.02361458644963606,0.027143815757582453,0.03092660869761845,0.029715978357908623,0.029715978357908623,0.033884225170901325,0.03513469921479914,0.007583801216633046,0.02170001912712909
2014-12-31,-0.006216008009468152,-0.003917172180436611,-0.0023870238096664422,-0.0022496802096381007,-0.0019131340973491664,-0.003201936131015512,-0.0003501605900644907,0.006935688357921223,0.009578587888880259,0.014697884196232672,-0.0031465676246404625,-0.0013924500896992597
2015-01-31,0.01859347112424002,0.014924378151698007,0.010801613711225852,0.006857724551610189,0.003229734667128789,-0.000496278157111979,-0.005294385823123049,-0.008286232905427326,-0.011202506608453114,-0.013868024574228489,0.006747290082570578,-2.0263327129985825e-05
2015-02-28,0.010594650319392674,0.016879988895675987,0.023734903806086408,0.03043321539832193,0.03679259536156368,0.042819833048421956,0.04698402887180518,0.05010552306798351,0.05657549801190377,0.06055949602910998,0.02175416103392152,0.02359087918580624
2015-03-31,-0.0019933712218199867,-0.0034937434554680193,-0.004495191966032046,-0.0057392660767624105,-0.006983340187492774,-0.00822741429822314,-0.00822741429822314,-0.00822741429822314,-0.009471488408953505,-0.009844710642172613,-0.0038765218443587417,-0.00598995054246536
2015-04-30,-0.0037864628177515795,-0.009811421657439236,-0.014924129563834924,-0.014811776798901916,-0.014397713660757084,-0.013728999377423407,-0.017406640096428644,-0.020428487702339508,-0.019975524799095038,-0.02184454879685218,0.004006783170236785,0.003489940299733707
2015-05-31,0.005980125339474674,0.009017357513863579,0.012388110975565409,0.016894504813628204,0.021365199643929578,0.02580650795009245,0.026248381803696662,0.02661830769055331,0.031081231470940107,0.032666290684165364,0.003803732374210142,0.00584273956442658
2015-06-30,-0.01345037161133393,-0.012049103471180704,-0.010486267728390687,-0.008948429490718765,-0.0074779313288120455,-0.006007433166905327,-0.006007433166905327,-0.006007433166905327,-0.004536935004998607,-0.004095785556426592,-0.0123675717945311,-0.018221143780215554
2015-07-31,0.014742397215916355,0.01677197551231176,0.01947326571471864,0.023006525827521485,0.026654241916436602,0.030301958005351726,0.030301958005351726,0.030301958005351726,0.03394967409426685,0.035043988920941384,0.0013274176825781771,0.019137444502878596
2015-08-31,-0.024193180082507017,-0.029468625423595008,-0.034801129840027124,-0.04193914773214029,-0.04814600156988828,-0.053975143097512494,-0.05671708996419507,-0.05907386236078082,-0.06460642272181771,-0.06777100683490106,-0.03292091185667202,-0.036502824531135895
2015-09-30,-0.0045095159279784965,-0.010037436781259974,-0.01401590954499624,-0.01483474675859123,-0.015653583972186223,-0.016472421185781218,-0.016472421185781218,-0.016472421185781218,-0.01729125839937621,-0.017536909563454706,-0.01704644032591774,-0.008495261530735031
2015-10-31,0.030113252184458185,0.039911823715980614,0.04735159311512936,0.0499534929415672,0.05346877150625065,0.05733630593640995,0.05450814719717068,0.052066392421425155,0.056218052288490625,0.05589983258733648,0.0387949978111363,0.04816172284331381
2015-11-30,-0.0006279275899872957,0.0002402541005918767,0.0013099575409184028,0.001996005225433881,0.0026820529099493597,0.0033681005944648378,0.0033681005944648378,0.0033681005944648378,0.004054148278980317,0.00425996258433496,-0.0020678192038977574,0.0008412896878521089
2015-12-31,-0.004966954169319378,-0.005213256321736427,-0.005582062643006052,-0.004631472106403071,-0.0036808815698000904,-0.002730291033197111,-0.002730291033197111,-0.002730291033197111,-0.0017797004965941312,-0.001494523335613237,-0.015444937708054742,-0.012277900980917389
2016-01-31,-0.009403139731532006,-0.014008701340224007,-0.017972249181453383,-0.021816842143747683,-0.025661435106041984,-0.029506028068336288,-0.029506028068336288,-0.029506028068336288,-0.03335062103063059,-0.03450399891931888,-0.022364910737561406,-0.01613100529783815
2016-02-29,0.0024447969242909567,-0.0007401683711778318,-0.0033697668551716893,-0.004948994814885103,-0.0065282227745985175,-0.008107450734311933,-0.008107450734311933,-0.008107450734311933,-0.009686678694025347,-0.010160447081939371,0.007705189556140536,0.004697029498130001
2016-03-31,0.01784034635693819,0.02322363688434484,0.028762560995296487,0.03371627191683642,0.038669982838376346,0.043623693759916295,0.043623693759916295,0.043623693759916295,0.04857740468145622,0.050063517957918205,0.04262039484569443,0.040976225274588884
2016-04-30,-0.0015290225313729455,-0.0026944187539499433,-0.003016081643974997,-0.0034896028102382104,-0.003963123976501424,-0.004436645142764636,-0.004436645142764636,-0.004436645142764636,-0.00491016630902785,-0.005052222658906815,0.010750780036231382,0.0014771431216425322
2016-05-31,0.0073909868719138315,0.00825675746113085,0.009455410819425473,0.012418298802297193,0.015381186785168914,0.018344074768040633,0.018344074768040633,0.018344074768040633,0.021306962750912355,0.022195829145773872,0.0015019758661803419,0.010132895776907125
2016-06-30,0.03324009889023069,0.03204768926286234,0.03039299348533267,0.030253574321189917,0.030114155157047164,0.029974735992904414,0.029974735992904414,0.029974735992904414,0.029835316828761668,0.02979349107951884,0.01926467266592724,0.014285716821652762
2016-07-31,0.015443134963171356,0.016320365940903483,0.017518858166378066,0.01938285523079531,0.021246852295212552,0.0231108493596298,0.0231108493596298,0.0231108493596298,0.024974846424047042,0.025534045543372217,0.02524219442913413,0.023076651012821126
2016-08-31,-0.0033402371662691254,-0.005420136808258916,-0.006939427829963839,-0.008612398032357237,-0.010285368234750633,-0.011958338437144033,-0.011958338437144033,-0.011958338437144033,-0.013631308639537432,-0.01413319970025545,0.0012522034323181126,-0.0033200253655133686
2016-09-30,0.0026117407576032488,0.0026562509497081565,0.0025777852113057255,0.0030629447487772058,0.003548104286248685,0.0040332638237201655,0.0040332638237201655,0.0040332638237201655,0.004518423361191646,0.0046639712224330904,0.005762025835800918,0.0011629981552682357
2016-10-31,-0.016859012961527326,-0.017604485893398764,-0.018097950528546698,-0.018307104249096033,-0.018516257969645372,-0.01872541169019471,-0.01872541169019471,-0.01872541169019471,-0.018934565410744047,-0.01899731152690885,-0.01918953487199626,-0.016728221506467265
2016-11-30,-0.0266126493601419,-0.026144356447840286,-0.024028892434003045,-0.020309344346012413,-0.01658979625802178,-0.012870248170031151,-0.012870248170031151,-0.012870248170031151,-0.00915070008204052,-0.008034835655643328,-0.001349613872362836,0.005444375609510117
2016-12-31,0.010094587563534393,0.01112060580983238,0.012215139798208458,0.011820784884333763,0.011426429970459067,0.011032075056584373,0.011032075056584373,0.011032075056584373,0.010637720142709679,0.01051941366854727,0.010332450597242752,0.011965745450196241
2017-01-31,0.014728635279245792,0.01897404228653994,0.02367629303359721,0.02823180721707686,0.03158417445046283,0.031067525710023816,0.031067525710023816,0.031067525710023816,0.0305508769695848,0.030395882347453093,0.017057703496559284,0.011573744274538765
2017-02-28,0.019357626761079355,0.0211524814058801,0.024084154359030517,0.02701111495697838,0.029893402427606068,0.032633068326048925,0.032633068326048925,0.032633068326048925,0.03537273422449178,0.03619463399402464,0.01969320966141704,0.026153684476319893
2017-03-31,0.010692216784076426,0.015403704188352838,0.01779425489744501,0.02010433407508394,0.021684619708853894,0.02067933345462836,0.02067933345462836,0.02067933345462836,0.019674047200402826,0.019372461324135167,0.005880725308634659,0.0011108567161019155
2017-04-30,0.014650703022840288,0.01659523579643123,0.01923349485915333,0.02198831175088177,0.023939245603387005,0.02430254890669408,0.02430254890669408,0.02430254890669408,0.024665852210001147,0.024774843200993272,0.012115392260884547,0.010670880881306211
2017-05-31,0.02384095144923748,0.028173657099279145,0.032487035218909666,0.03793791765635946,0.041925354594489664,0.04328006521720709,0.04328006521720709,0.04328006521720709,0.0446347758399245,0.045041189026739724,0.010450234739289467,0.011735836096020335
2017-06-30,0.0004951622986284221,0.0010872000395508639,0.0020926909125853427,0.0030701176248287038,0.003626581925205301,0.0033364244711720325,0.0033364244711720325,0.0033364244711720325,0.003046267017138764,0.002959219780928784,0.003899791002576674,0.0017341854744474358
2017-07-31,0.01938068563816578,0.023329121869482924,0.0270761508872922,0.030750119747316965,0.03227573972973778,0.032871947593427805,0.032871947593427805,0.032871947593427805,0.033468155457117815,0.03364701781622481,0.01587924504520737,0.013877469627726846
2017-08-31,0.008194489930976037,0.009280484750280975,0.009651796764495249,0.010048612182298225,0.011276565306340188,0.012720750859380655,0.012720750859380655,0.012720750859380655,0.014164936412421121,0.014598192078333263,0.008300357829322721,0.007576988594395884
2017-09-30,0.013211220523440335,0.016929260310631706,0.02063640960285702,0.024263877235172926,0.025384729133781963,0.025677825766811973,0.025677825766811973,0.025677825766811973,0.025970922399841983,0.026058851389750986,0.010425103014846063,0.006488946764709347
2017-10-31,0.021266538539070304,0.027097477930983844,0.031706741723698646,0.036284670855550434,0.039864383677188996,0.043128215469098244,0.043128215469098244,0.043128215469098244,0.04639204726100747,0.04737119679858024,0.01153558154762004,0.013206816645527785
2017-11-30,0.010510089901163673,0.014226485708026978,0.016888605263676658,0.019534120338850644,0.021646224311045036,0.023582258131780165,0.023582258131780165,0.023582258131780165,0.025518291952515294,0.02609910209873583,0.010633087395737118,0.017229450778213494
2017-12-31,0.005865649117191049,0.006599419794557305,0.00667305231236791,0.00671128467989501,0.005584066963574866,0.004056979067204072,0.004056979067204072,0.004056979067204072,0.0025298911708332783,0.0020717648019220403,0.0095370961459167,0.008434917493555672
2018-01-31,0.03466731261263134,0.04587742594608477,0.05550467526094069,0.0649994955486997,0.06997577361069457,0.0734501256786266,0.0734501256786266,0.0734501256786266,0.07692447774655864,0.07796678336693826,0.024079066205313082,0.024910630714974007
2018-02-28,-0.017193385202527486,-0.020696698152765015,-0.023249823256022446,-0.025677419930148396,-0.023781078987212562,-0.02013395800541988,-0.02013395800541988,-0.02013395800541988,-0.016486837023627198,-0.015392700729089394,-0.02343470325933818,-0.026084934074626063
2018-03-31,-0.003565647418181643,-0.007071023952773669,-0.011653836829209835,-0.016239436542186653,-0.02087208281334448,-0.025616978768162643,-0.025616978768162643,-0.025616978768162643,-0.030361874722980804,-0.03178534350942625,-0.001547831598403707,-0.010256351393380946
2018-04-30,0.0036957753194656554,0.004546433953839819,0.00532805868656345,0.006075608474886401,0.00613504151409311,0.005369917221025478,0.005369917221025478,0.005369917221025478,0.004604792927957848,0.004375255640037558,-0.0026092774270947074,-0.0030245544512202743
2018-05-31,0.02270865860640184,0.02697994482461938,0.031120329561611988,0.035121200755691584,0.03872143093121748,0.035943623269407886,0.035943623269407886,0.035943623269407886,0.03316581560759829,0.032332473309055414,0.011751167120436,0.018444937211048274
2018-06-30,0.002803519851123315,0.00275380371692343,0.0020876323628847998,0.0014190165253409083,0.0007403850956574044,-4.709375232981759e-05,-4.709375232981759e-05,-4.709375232981759e-05,-0.0008345726003170396,-0.001070816254713206,-0.00402340424440299,0.005328369575831937
2018-07-31,0.011504503982694364,0.011832434361772831,0.013549321261538787,0.0152330446397879,0.0168224583624618,0.016850924920778897,0.016850924920778897,0.016850924920778897,0.016879391479095993,0.016887931446591124,0.014221780686089813,0.019266138944574736
2018-08-31,0.029747596264868406,0.03730369766935682,0.043476167838982734,0.04953167344682532,0.05551130497550354,0.0552213237019305,0.0552213237019305,0.0552213237019305,0.054931342428357455,0.05484434804628554,0.011206222644849998,0.023376283374667794
2018-09-30,-0.003163457004097943,-0.002522938778000374,-0.0015084960331580403,-0.00045404975394469036,0.0012053541585197863,0.00437378770625577,0.00437378770625577,0.00437378770625577,0.007542221253991753,0.008492751318312548,-0.002008484228720608,-0.0013551691472167616
2018-10-31,-0.06167270966268803,-0.07328222477527623,-0.08343905795488799,-0.09332908839575253,-0.10062683512820536,-0.09784213223991514,-0.09784213223991514,-0.09784213223991514,-0.09505742935162491,-0.09422201848513785,-0.0456350396793967,-0.042235328925834925
2018-11-30,0.008879474382273548,0.011246910189151391,0.012223672313107885,0.013181158953892968,0.013563428153910389,0.013452912613968068,0.013452912613968068,0.013452912613968068,0.013342397074025743,0.013309242412043046,0.010721154723686278,0.016630755842378477
2018-12-31,-0.03554875059223578,-0.04754196447422385,-0.05584669679566383,-0.0639775817293243,-0.07193543439263625,-0.07569144371479848,-0.07569144371479848,-0.07569144371479848,-0.07145052131854021,-0.07017824459966274,-0.031633526143601855,-0.041809023290692804
2019-01-31,0.05166052684463755,0.05320816523293709,0.058457112844861506,0.06351613493809549,0.06843132273926666,0.0695602843229018,0.0695602843229018,0.0695602843229018,0.06444408785777982,0.06290922891824322,0.05295059424565021,0.050128021886215186
2019-02-28,0.011856580660744213,0.015436937447946227,0.01869742086270262,0.02169180252617838,0.024686184189654146,0.027680565853129915,0.027680565853129915,0.027680565853129915,0.03067494751660568,0.03157326201564841,0.015910552778668555,0.017401824526863185
2019-03-31,0.017245048343697143,0.017581343696102023,0.01783433221408979,0.018445653879173185,0.01905697554425658,0.01966829720933998,0.01966829720933998,0.01966829720933998,0.02027961887442338,0.020463015373948398,0.010796704451572966,0.022138872759517668
2019-04-30,0.010109862444032251,0.011629196569270247,0.013936291943678004,0.016696968275950602,0.019270027942057184,0.021224997156565454,0.021224997156565454,0.021224997156565454,0.021295162111292436,0.021316211597710532,0.015949531758247575,0.02213542427457362
2019-05-31,-0.009092409452615809,-0.011085405888560957,-0.009216979573778412,-0.011906731309340963,-0.014596483044903514,-0.017286234780466064,-0.017286234780466064,-0.017286234780466064,-0.019975986516028617,-0.020782912036697385,-0.022930599244252576,-0.02589471437427284
2019-06-30,0.04046230066014654,0.04583706497588502,0.050154808349177946,0.05356111709000061,0.056764915733513895,0.05900796879909432,0.05900796879909432,0.05900796879909432,0.059359582041078635,0.059465066013673934,0.04415458784878316,0.04679803503503473
2019-07-31,0.011611355254642993,0.013431489676487513,0.014702422799022867,0.015250234512987253,0.015798046226951638,0.016345857940916024,0.016345857940916024,0.016345857940916024,0.01689366965488041,0.017058013169069724,0.004472315544878956,0.008915858078092054
2019-08-31,0.01937999441272907,0.014313846364096303,0.009762309678079468,0.008476552175828541,0.0071907946735776124,0.005905037171326685,0.005905037171326685,0.005905037171326685,0.004619279669075755,0.004233552418400477,0.002480958126104365,0.005953217932484401
2019-09-30,-0.00955244529624456,-0.010444382522998967,-0.010962037966143033,-0.011000604013880953,-0.011039170061618872,-0.011077736109356792,-0.011077736109356792,-0.011077736109356792,-0.011116302157094714,-0.011127871971416091,0.0018097252412766166,0.007095533636617191
2019-10-31,0.0050078992927813214,0.005809060042874178,0.006063299363504228,0.0061316905531074275,0.006200081742710628,0.006268472932313829,0.006268472932313829,0.006268472932313829,0.0063368641219170305,0.00635738147879799,0.01419049852491064,0.013844983917692089
2019-11-30,0.006401263797046175,0.009689278850601769,0.011935422592229867,0.016177210759911503,0.020418998927593142,0.02466078709527478,0.02466078709527478,0.02466078709527478,0.02890257526295642,0.03017511171326091,0.012656967145201346,0.019008193689912335
2019-12-31,0.01785818076365539,0.02056359817411079,0.024410993396064697,0.023243200385351027,0.021217630206820444,0.01919206002828987,0.01919206002828987,0.01919206002828987,0.01716648984975929,0.01655881879620012,0.020786380728851427,0.014129340368090836
2020-01-31,0.030329368909780968,0.036099249428300395,0.039218274709683566,0.038871871328833456,0.03799443275764865,0.037116994186463845,0.037116994186463845,0.037116994186463845,0.036239555615279036,0.03597632404392359,0.004411608778554999,0.013640230693104095
2020-02-29,-0.027590259025625924,-0.034580626008267425,-0.04134486397381426,-0.047276722007004154,-0.05320858004019405,-0.05914043807338395,-0.05914043807338395,-0.05914043807338395,-0.06507229610657383,-0.06685185351653082,-0.03246283763750296,-0.03674994118526304
2020-03-31,-0.10222497182810356,-0.1082989930852833,-0.12583070243508687,-0.1223983897242789,-0.11896607701347092,-0.11553376430266298,-0.11553376430266298,-0.11553376430266298,-0.112101451591855,-0.11107175777861263,-0.09295417905289677,-0.059876163386007035
2020-04-30,0.07036822110428878,0.0797383815556719,0.08823083085660344,0.09530964186978234,0.10011025021385447,0.1049108585579266,0.1049108585579266,0.1049108585579266,0.10971146690199873,0.11115164940522035,0.06975606411598918,0.07781565686913865
2020-05-31,0.027033574621332622,0.03330731302025798,0.03905186108047528,0.04421688953259292,0.04834644274474653,0.051607856433830326,0.051607856433830326,0.051607856433830326,0.05486927012291412,0.05584769422963926,0.037331404348930335,0.029725631172254952
2020-06-30,0.020578410989450173,0.024675065819704484,0.02853977605421235,0.031546065664688636,0.03476491134542764,0.03808658162346806,0.03909958251396983,0.03909958251396983,0.04063699470170967,0.04109821835803163,0.02137439360414618,0.011179414605629434
2020-07-31,0.04883809975569049,0.057430909066356395,0.06153622565844649,0.06244599437044721,0.06910795885339034,0.07562932721096104,0.07256420910749158,0.07256420910749158,0.0685729712206116,0.06737559985454761,0.04126517388422102,0.038706388452739035
2020-08-31,0.021613287991697303,0.03344531089126897,0.04379165026260687,0.05347651852766636,0.059868008733119676,0.0671428254498417,0.07456452057816539,0.07451331252927648,0.08442915844706221,0.08740391222239793,0.027000425371153724,0.03794653403985366
2020-09-30,-0.01929627908057259,-0.025017114670753786,-0.029661779710866074,-0.03410297710811974,-0.038416360383034705,-0.040063037977153035,-0.04028117322017955,-0.044006878801338425,-0.044624235377380785,-0.0448094423501935,-0.017387970394876506,-0.021214539509768326
2020-10-31,-0.013991993703752098,-0.019004496735523374,-0.0221058166813631,-0.02387368359022957,-0.02500552437318412,-0.026115715103884364,-0.029724531758073533,-0.02320012006086838,-0.025413830251980185,-0.02607794330931373,-0.008190462304036597,-0.02079300668918771
2020-11-30,0.022279075662678664,0.03225166874340662,0.04434532350186324,0.050902334566597374,0.054635852692053934,0.058294858750068845,0.07182605182294619,0.06943162605485663,0.0841929066616997,0.08862129084375264,0.06674238628534446,0.06703219277638683
2020-12-31,0.02467973209091194,0.027532541049398646,0.029880554209913604,0.03488324922724638,0.039739406303510805,0.0438516036274341,0.03927161689615453,0.03745281628955013,0.03392677734648388,0.03286896566356401,0.03442215182324461,0.021516572857723747
2021-01-31,-0.009772498822057624,-0.008382977320255402,-0.006344343622226336,-0.005644891847990147,-0.004966504115073876,-0.0040368845633328276,0.0021126892788879206,0.00797320928508288,0.012765748411402674,0.014203510149298614,0.0011589596784688024,-0.01049613894716326
2021-02-28,-0.022755794912048474,-0.02163075818273669,-0.021479778214096308,-0.022234110897792647,-0.02296471559165371,-0.021788626093604276,-0.014789457418208946,-0.010563856476629052,-0.004333547539132121,-0.002464454857883042,0.001175563059627648,0.0071423020234693685
2021-03-31,-0.005680209829097433,-0.006262386437015115,-0.0024254916461355015,-0.0006846053245730677,0.0010164766791723526,0.002681683905992063,0.004226641862955588,-0.004607670916347844,-0.0014105667518115187,-0.00762534032203111,0.005325554091004818,0.01787215587089057
2021-04-30,0.02472857415602769,0.03148254492513049,0.037847080302667965,0.04573690466300056,0.05042106075985851,0.05439692602156734,0.05861874564737382,0.05219159997673306,0.05717465747422945,0.051237931700116354,0.024792930660522933,0.035740546216998
2021-05-31,0.0035720931046810994,0.004173419894363509,0.004582966813938683,0.00032942580985266176,-0.0032643513201687396,-0.00337760752341676,-0.0019962967205425053,0.00037204844644476986,-0.007391356562007125,-0.012691848806023975,0.00883710000627183,0.005705204609215775
2021-06-30,0.013197699669661195,0.017404564025971007,0.02454796318024951,0.03508650321660148,0.03844306983375815,0.04059514612321411,0.04312227983803246,0.03562008607613004,0.04827712022588858,0.05207423047081614,0.008940225587691038,0.017645092219659243
2021-07-31,0.02611932880434375,0.02715509740063056,0.02905495042856942,0.03023057282660165,0.03088343338698151,0.031520500950009474,0.03214768227004598,0.034585907612859214,0.03584544591294447,0.036223307402970036,0.003941855071261487,0.022642981264387838
2021-08-31,0.010594919195862475,0.015098273052884302,0.019136475946542678,0.023246853488457394,0.026279246224797725,0.029210770860035255,0.032091277124137424,0.03266614568844672,0.036873244303981145,0.03813537388864147,0.01133361521982558,0.01613207060183828
2021-09-30,-0.026805436120666017,-0.03054663525579142,-0.036572878208836396,-0.04111559485271734,-0.04392118036610923,-0.046676328306508426,-0.04938125219591076,-0.05164195579553857,-0.0542156633914441,-0.054987775670215754,-0.02521424938208864,-0.03437135859601152
2021-10-31,0.03151047327103616,0.039814762978317625,0.04621126533901318,0.0535280515274775,0.05991319362112274,0.06611983359530672,0.07221666378533206,0.07509574015813578,0.08264495539524863,0.08490971996638248,0.026278767059095664,0.04045912927243362
2021-11-30,0.008247228469178114,0.0098821680614232,0.010767051797927415,0.011578984727140841,0.011790699541397606,0.0119968387209674,0.01219902716510185,0.009986771630237012,0.012459185005091121,0.012685700421350473,-0.015081575361207158,-0.0003231998920223628
